{
	"pages": [ //pages数组中第一项表示应用启动页，参考：https://uniapp.dcloud.io/collocation/pages
		
		{
			"path": "pages/index/index",
			"style": {
				"navigationBarTitleText": "呸西西商城"
			}
		}
	    ,{
            "path" : "pages/category/category",
            "style" :                                                                                    
            {
                "navigationBarTitleText": "分类页面",
                "enablePullDownRefresh": false
            }
            
        }
        ,{
            "path" : "pages/cart/cart",
            "style" :                                                                                    
            {
                "navigationBarTitleText": "购物车页面",
                "enablePullDownRefresh": false
            }
            
        }
        ,{
            "path" : "pages/user/user",
            "style" :                                                                                    
            {
                "navigationBarTitleText": "个人中心页面",
                "enablePullDownRefresh": false
            }
            
        } 
	
    ],
	"subPackages": [
		{
		"root":"subpkg1",
		"pages":[
			{
			       "path" : "search/search",
			       "style" :                                                                                    
			       {
			           "navigationBarTitleText": "搜索",
			           "enablePullDownRefresh": false
			       }
			       
			   }
			   ,{
			       "path" : "goods-list/goods-list",
			       "style" :                                                                                    
			       {
			           "navigationBarTitleText": "商品列表",
					   "onReachBottomDistance": 80,//当距离底部100时刷新
			           "enablePullDownRefresh": true//开启下拉刷新
			       }
			       
			   }
			   ,{
			       "path" : "goods-detail/goods-detail",
			       "style" :                                                                                    
			       {
			           "navigationBarTitleText": "商品详情",
			           "enablePullDownRefresh": false
			       }
			       
			   }
			]	
		},
		{
			"root":"subpkg2",
			"pages":[
				
			{
			        "path" : "pay/pay",
			        "style" :                                                                                    
			    {
			        "navigationBarTitleText": "支付",
			        "enablePullDownRefresh": false
			    }
			    
			    }
			    ,{
                    "path" : "login/login",
                    "style" :                                                                                    
                {
                    "navigationBarTitleText": "登录",
                    "enablePullDownRefresh": false
                }
                
                }
                ,{
                    "path" : "order/order",
                    "style" :                                                                                    
                {
                    "navigationBarTitleText": "订单",
                    "enablePullDownRefresh": false
                }
                
                }
            ]
		}
	],
	"globalStyle": {
		"navigationBarTextStyle": "white",
		// "navigationBarTitleText": "uni-app",
		"navigationBarBackgroundColor": "#ff0000"
		// "backgroundColor": "#F8F8F8"
	},
	"uniIdRouter": {},
	"tabBar": {
		"backgroundColor": "#ffffff",
		"color": "#8a8a8a",
		"selectedColor": "#ff0000",
		"list": [
			{
				"pagePath": "pages/index/index",
				"text": "首页",
				"iconPath": "static/tabBar1/home.png",
				"selectedIconPath": "static/tabBar1/home-active.png"
			},
			{
				"pagePath": "pages/category/category",
				"text": "分类",
				"iconPath": "static/tabBar1/cate.png",
				"selectedIconPath": "static/tabBar1/cate-active.png"
			},
			{
				"pagePath": "pages/cart/cart",
				"text": "购物车",
				"iconPath": "static/tabBar1/cart.png",
				"selectedIconPath": "static/tabBar1/cart-active.png"
			},
			{
				"pagePath": "pages/user/user",
				"text": "我的",
				"iconPath": "static/tabBar1/my.png",
				"selectedIconPath": "static/tabBar1/my-active.png"
			}
			
		]
	}
}
